{"cameraMode":{"drawMode":2,"name":"Shaded Wireframe","section":"Shading Mode"},"sceneLighting":true,"audioPlay":false,"sceneViewState":{"m_AlwaysRefresh":false,"showFog":true,"showSkybox":true,"showFlares":true,"showImageEffects":true,"showParticleSystems":true,"showVisualEffectGraphs":true,"m_FxEnabled":true},"in2DMode":false,"pivot":{"x":-0.9739253520965576,"y":1.1200722455978394,"z":8.322440147399903},"rotation":{"x":0.006489707622677088,"y":-0.9811598658561707,"z":0.03266916424036026,"w":0.19100584089756013},"size":1.5061060190200806,"orthographic":false}