{"cameraMode":{"drawMode":2,"name":"Shaded Wireframe","section":"Shading Mode"},"sceneLighting":true,"audioPlay":false,"sceneViewState":{"m_AlwaysRefresh":false,"showFog":true,"showSkybox":true,"showFlares":true,"showImageEffects":true,"showParticleSystems":true,"showVisualEffectGraphs":true,"m_FxEnabled":true},"in2DMode":false,"pivot":{"x":-28.149999618530275,"y":-0.09963777661323548,"z":-0.050652071833610538},"rotation":{"x":0.0047358921729028229,"y":-0.9886184334754944,"z":0.029936866834759713,"w":0.14816324412822724},"size":0.7751481533050537,"orthographic":false}