{"cameraMode":{"drawMode":0,"name":"Shaded","section":"Shading Mode"},"sceneLighting":true,"audioPlay":false,"sceneViewState":{"m_AlwaysRefresh":false,"showFog":true,"showSkybox":true,"showFlares":true,"showImageEffects":true,"showParticleSystems":true,"showVisualEffectGraphs":true,"m_FxEnabled":true},"in2DMode":false,"pivot":{"x":8.504987716674805,"y":10.585895538330079,"z":9.109000205993653},"rotation":{"x":-0.04338871315121651,"y":-0.9506044983863831,"z":0.2661544978618622,"w":-0.15496262907981873},"size":0.2596075236797333,"orthographic":true}